name,value
amazon,27.02184356
google,7.596939992
tripAdvisor,2.193524129
facebook,2.172704842
apple,1.211416769
microsoft,1.196609666
ebay,0.164200079
expedia,-0.396228075
walmart,-0.456718563
