name,score
Walmart,1.306122449
TripAdvisor,1
Microsoft,1.247191011
Google,1.005555556
Facebook,1.119700748
Expedia,1.513513514
eBay,1.064864865
Apple,1.306620209
Amazon,1.043650794