Expedia,1.4
Microsoft,1.3521739130434782
Apple,1.3100189035916825
Walmart,1.2
Facebook,1.1281138790035588
eBay,1.0648648648648649
Amazon,1.053658536585366
Google,1.0080645161290323
TripAdvisor,1.0
